{"batch_loss": 2.9729442596435547, "epoch": 9, "iteration": 405, "learning_rate": 0.0006634204312890623, "_timestamp": 1753384458.361349, "_runtime": 847.4365952014923, "_step": 20, "epoch_avg_loss": 2.9562868701087104, "epoch_total_batches": 45, "test_samples": 2942, "test_loss_mean": 2.8014657164333143, "test_loss_std": 0.4374463369825196, "test_loss_min": 2.021789789199829, "test_loss_max": 4.728174686431885, "_wandb": {"runtime": 845}}