{"batch_loss": 3.385223388671875, "epoch": 7, "iteration": 623, "learning_rate": 0.0004707400747005, "_timestamp": 1753310002.9564962, "_runtime": 493.9497911930084, "_step": 19, "epoch_avg_loss": 3.161433316348644, "epoch_total_batches": 89, "test_samples": 2942, "test_loss_mean": 3.044382359120896, "test_loss_std": 0.6746101211961553, "test_loss_min": 2.361032009124756, "test_loss_max": 7.09274435043335, "final_auc_roc": 0.6252668971902575, "final_auc_pr": 0.8168228514417639, "final_eer": 0.4485006518904824, "final_eer_threshold": -2.6161109866918, "num_test_samples": 4846, "anomaly_scores_histogram": {"_type": "histogram", "values": [23, 6, 4, 4, 2, 3, 2, 2, 2, 1, 1, 1, 2, 1, 1, 2, 0, 2, 0, 2, 0, 2, 0, 2, 0, 1, 1, 1, 1, 0, 2, 0, 6, 4, 4, 3, 2, 1, 3, 3, 1, 15, 28, 21, 20, 25, 10, 8, 57, 56, 72, 62, 115, 182, 145, 218, 165, 228, 358, 358, 406, 325, 377, 1497], "bins": [-6.697707169424246, -6.629946620044566, -6.562186070664887, -6.494425521285207, -6.426664971905527, -6.358904422525848, -6.291143873146169, -6.223383323766489, -6.15562277438681, -6.087862225007131, -6.02010167562745, -5.952341126247771, -5.884580576868092, -5.816820027488412, -5.749059478108733, -5.681298928729053, -5.613538379349373, -5.545777829969694, -5.478017280590015, -5.410256731210335, -5.342496181830656, -5.274735632450977, -5.206975083071296, -5.139214533691617, -5.071453984311938, -5.003693434932258, -4.935932885552578, -4.868172336172899, -4.8004117867932194, -4.73265123741354, -4.664890688033861, -4.597130138654181, -4.529369589274502, -4.461609039894823, -4.3938484905151425, -4.326087941135463, -4.258327391755784, -4.1905668423761036, -4.122806292996424, -4.055045743616745, -3.9872851942370655, -3.919524644857386, -3.851764095477707, -3.784003546098027, -3.7162429967183477, -3.6484824473386683, -3.5807218979589885, -3.512961348579309, -3.44520079919963, -3.37744024981995, -3.3096797004402707, -3.241919151060591, -3.1741586016809116, -3.1063980523012322, -3.0386375029215524, -2.970876953541873, -2.9031164041621937, -2.835355854782514, -2.7675953054028346, -2.6998347560231553, -2.632074206643476, -2.5643136572637966, -2.4965531078841163, -2.428792558504437, -2.3610320091247576]}, "results_summary": {"_type": "table-file", "sha256": "30089c8abd768992a880a9530d83ce39b748a98cfda0563cce15f3ec8ac54df2", "size": 197, "artifact_path": "wandb-client-artifact://9p39t9bqgwwicjhzl3d2v9qrt0hsphkra9s9orjbmki0y6g4vxu2el63zbab5jmy9da5blfp8sp871bjylp06hopgsnuowv4go0ysdbqjj4k0gjlr6uhrvwizt7wr3fs:latest/results_summary.table.json", "_latest_artifact_path": "wandb-client-artifact://9p39t9bqgwwicjhzl3d2v9qrt0hsphkra9s9orjbmki0y6g4vxu2el63zbab5jmy9da5blfp8sp871bjylp06hopgsnuowv4go0ysdbqjj4k0gjlr6uhrvwizt7wr3fs:latest/results_summary.table.json", "path": "media/table/results_summary_19_30089c8abd768992a880.table.json", "ncols": 2, "nrows": 5}, "_wandb": {"runtime": 490}}