{"batch_loss": 2.8022029399871826, "epoch": 9, "iteration": 405, "learning_rate": 0.0006634204312890623, "_timestamp": 1753385527.2910638, "_runtime": 885.35888671875, "_step": 25, "epoch_avg_loss": 2.7598393811119926, "epoch_total_batches": 45, "test_samples": 2942, "test_loss_mean": 2.6698213450605572, "test_loss_std": 0.4503217622312543, "test_loss_min": 1.9810686111450195, "test_loss_max": 4.833550930023193, "final_auc_roc": 0.6577856429781632, "final_auc_pr": 0.8364984824192143, "final_eer": 0.39308996088657105, "final_eer_threshold": -2.317568327842427, "num_test_samples": 4846, "anomaly_scores_histogram": {"_type": "histogram", "values": [26, 8, 4, 4, 2, 3, 2, 1, 2, 1, 2, 2, 0, 2, 1, 1, 1, 1, 1, 1, 1, 1, 4, 4, 3, 3, 2, 3, 1, 2, 2, 26, 10, 6, 9, 6, 12, 17, 31, 25, 41, 45, 79, 57, 37, 92, 92, 131, 152, 102, 151, 160, 163, 159, 228, 270, 193, 169, 189, 211, 273, 264, 139, 1216], "bins": [-4.728908214177994, -4.685973220380604, -4.643038226583213, -4.600103232785823, -4.557168238988433, -4.514233245191043, -4.471298251393653, -4.428363257596263, -4.385428263798873, -4.342493270001482, -4.299558276204092, -4.256623282406702, -4.213688288609312, -4.170753294811921, -4.127818301014531, -4.084883307217141, -4.04194831341975, -3.9990133196223603, -3.9560783258249703, -3.91314333202758, -3.87020833823019, -3.8272733444327995, -3.7843383506354096, -3.741403356838019, -3.6984683630406288, -3.655533369243239, -3.612598375445849, -3.5696633816484584, -3.526728387851068, -3.483793394053678, -3.4408584002562876, -3.3979234064588972, -3.3549884126615073, -3.3120534188641173, -3.269118425066727, -3.2261834312693365, -3.1832484374719465, -3.140313443674556, -3.0973784498771657, -3.0544434560797757, -3.011508462282386, -2.9685734684849954, -2.925638474687605, -2.882703480890215, -2.8397684870928246, -2.796833493295434, -2.753898499498044, -2.7109635057006543, -2.668028511903264, -2.6250935181058734, -2.5821585243084835, -2.539223530511093, -2.496288536713703, -2.4533535429163127, -2.4104185491189227, -2.3674835553215323, -2.324548561524142, -2.281613567726752, -2.2386785739293615, -2.1957435801319716, -2.152808586334581, -2.109873592537191, -2.066938598739801, -2.024003604942411, -1.9810686111450204]}, "score_statistics": {"mean": -2.3547788552149647, "std": 0.41583143872034434, "min": -4.728908214177994, "max": -1.9810686111450204, "median": -2.2720968151745566}, "results_summary": {"_type": "table-file", "sha256": "ee09dc20564a67ef6af0df59520009b51ddc238d5b54870fab0891aa0457a64f", "size": 200, "artifact_path": "wandb-client-artifact://qvwx0cspj0zka95x4ok2c4m8b3t4b3crawgjbaj5v8143guir9grgd8irt77m41djwmfeb93qwtd79txwfrtaucgf5t40gvb66mmefb7wrs6ajm6g06dhw7e66znwi5t:latest/results_summary.table.json", "_latest_artifact_path": "wandb-client-artifact://qvwx0cspj0zka95x4ok2c4m8b3t4b3crawgjbaj5v8143guir9grgd8irt77m41djwmfeb93qwtd79txwfrtaucgf5t40gvb66mmefb7wrs6ajm6g06dhw7e66znwi5t:latest/results_summary.table.json", "path": "media/table/results_summary_25_ee09dc20564a67ef6af0.table.json", "ncols": 2, "nrows": 5}, "_wandb": {"runtime": 884}}