{"batch_loss": 9.857192039489746, "epoch": 0, "iteration": 0, "learning_rate": 0.0005, "_timestamp": 1753308195.7917247, "_runtime": 76.06959462165833, "_step": 1, "epoch_avg_loss": 8.267832429221507, "epoch_total_batches": 89, "_wandb": {"runtime": 75}}