{"batch_loss": 3.1231744289398193, "epoch": 7, "iteration": 623, "learning_rate": 0.0004707400747005, "_timestamp": 1753310625.634983, "_runtime": 490.3033561706543, "_step": 21, "epoch_avg_loss": 3.0329321582665605, "epoch_total_batches": 89, "test_samples": 2942, "test_loss_mean": 2.8918301051851034, "test_loss_std": 0.49350922455630264, "test_loss_min": 2.053553581237793, "test_loss_max": 6.491417407989502, "final_auc_roc": 0.575139628957794, "final_auc_pr": 0.7950907889185471, "final_eer": 0.47979139504563234, "final_eer_threshold": -2.3551470220954642, "num_test_samples": 4846, "anomaly_scores_histogram": {"_type": "histogram", "values": [20, 9, 6, 4, 4, 8, 16, 12, 8, 6, 7, 4, 5, 11, 13, 25, 18, 16, 17, 28, 29, 19, 25, 42, 28, 28, 38, 43, 47, 52, 32, 62, 83, 61, 74, 53, 71, 71, 56, 44, 52, 93, 86, 125, 108, 111, 61, 68, 81, 52, 60, 55, 81, 100, 134, 126, 119, 157, 175, 162, 137, 114, 119, 1275], "bins": [-4.0819671192719795, -4.050273157740196, -4.018579196208411, -3.986885234676627, -3.955191273144843, -3.9234973116130587, -3.8918033500812745, -3.8601093885494904, -3.828415427017706, -3.796721465485922, -3.765027503954138, -3.7333335424223537, -3.7016395808905695, -3.6699456193587854, -3.638251657827001, -3.6065576962952175, -3.574863734763433, -3.543169773231649, -3.5114758116998646, -3.479781850168081, -3.4480878886362962, -3.4163939271045125, -3.3846999655727283, -3.353006004040944, -3.32131204250916, -3.289618080977376, -3.2579241194455917, -3.2262301579138075, -3.1945361963820234, -3.162842234850239, -3.131148273318455, -3.099454311786671, -3.0677603502548867, -3.0360663887231025, -3.0043724271913184, -2.972678465659534, -2.94098450412775, -2.909290542595966, -2.8775965810641817, -2.8459026195323975, -2.8142086580006134, -2.782514696468829, -2.7508207349370455, -2.719126773405261, -2.687432811873477, -2.6557388503416925, -2.624044888809909, -2.592350927278124, -2.5606569657463405, -2.528963004214556, -2.497269042682772, -2.4655750811509876, -2.433881119619204, -2.4021871580874192, -2.3704931965556355, -2.338799235023851, -2.307105273492067, -2.275411311960283, -2.243717350428499, -2.2120233888967147, -2.1803294273649305, -2.1486354658331464, -2.116941504301362, -2.085247542769578, -2.053553581237794]}, "score_statistics": {"mean": -2.5109832096434417, "std": 0.4733037576717087, "min": -4.0819671192719795, "max": -2.053553581237794, "median": -2.3492085778955603}, "results_summary": {"_type": "table-file", "sha256": "5a2e4d5d9cd2c58a0f6b08f83911e5e07f002e76a940eae6f4412f263efdce8c", "size": 200, "artifact_path": "wandb-client-artifact://xttwitu083h1z4j5drxaxobgsg7ikk7czmyjhp4vjn9ir9wtuw4m5954uxkjh2ohfm7c34rlgoogk219gigls12j6m3hlsy2mxie3jf0seyvidjpxz14gbbmlyc8l5k2:latest/results_summary.table.json", "_latest_artifact_path": "wandb-client-artifact://xttwitu083h1z4j5drxaxobgsg7ikk7czmyjhp4vjn9ir9wtuw4m5954uxkjh2ohfm7c34rlgoogk219gigls12j6m3hlsy2mxie3jf0seyvidjpxz14gbbmlyc8l5k2:latest/results_summary.table.json", "path": "media/table/results_summary_21_5a2e4d5d9cd2c58a0f6b.table.json", "ncols": 2, "nrows": 5}, "_wandb": {"runtime": 489}}