{"batch_loss": 2.3794808387756348, "epoch": 19, "iteration": 3463, "learning_rate": 0.00041725688072504375, "_timestamp": 1753388650.4887114, "_runtime": 3065.341582298279, "_step": 65, "epoch_avg_loss": 2.3676200290184237, "epoch_total_batches": 177, "test_samples": 2942, "test_loss_mean": 2.3210731404399807, "test_loss_std": 0.3637414658386036, "test_loss_min": 1.6544530391693115, "test_loss_max": 4.244649887084961, "final_auc_roc": 0.6749902767542783, "final_auc_pr": 0.8431657429704679, "final_eer": 0.38070404172099087, "final_eer_threshold": -1.9933175273621382, "num_test_samples": 4846, "anomaly_scores_histogram": {"_type": "histogram", "values": [30, 6, 4, 3, 2, 3, 2, 2, 2, 1, 1, 2, 1, 2, 0, 2, 0, 2, 0, 2, 0, 1, 1, 1, 1, 1, 1, 1, 0, 11, 2, 5, 4, 3, 4, 4, 12, 8, 50, 50, 36, 78, 85, 90, 84, 109, 102, 75, 106, 142, 306, 211, 159, 196, 174, 169, 178, 159, 205, 247, 282, 160, 74, 1192], "bins": [-4.108360204273667, -4.070017904818911, -4.031675605364156, -3.9933333059094003, -3.9549910064546445, -3.916648706999889, -3.8783064075451334, -3.839964108090378, -3.8016218086356224, -3.763279509180867, -3.7249372097261113, -3.686594910271356, -3.6482526108166002, -3.609910311361845, -3.571568011907089, -3.533225712452334, -3.494883412997578, -3.456541113542823, -3.418198814088067, -3.3798565146333117, -3.341514215178556, -3.3031719157238006, -3.264829616269045, -3.2264873168142896, -3.188145017359534, -3.1498027179047785, -3.111460418450023, -3.0731181189952674, -3.0347758195405117, -2.9964335200857564, -2.958091220631001, -2.9197489211762453, -2.8814066217214895, -2.8430643222667342, -2.804722022811979, -2.766379723357223, -2.7280374239024674, -2.689695124447712, -2.6513528249929568, -2.613010525538201, -2.5746682260834453, -2.53632592662869, -2.4979836271739346, -2.459641327719179, -2.421299028264423, -2.382956728809668, -2.3446144293549125, -2.3062721299001567, -2.2679298304454014, -2.2295875309906457, -2.1912452315358903, -2.152902932081135, -2.1145606326263793, -2.0762183331716235, -2.037876033716868, -1.9995337342621124, -1.9611914348073571, -1.9228491353526014, -1.884506835897846, -1.8461645364430903, -1.807822236988335, -1.7694799375335792, -1.731137638078824, -1.6927953386240682, -1.6544530391693129]}, "score_statistics": {"mean": -2.0102078815260276, "std": 0.3699067504668305, "min": -4.108360204273667, "max": -1.6544530391693129, "median": -1.9449752895520862}, "results_summary": {"_type": "table-file", "sha256": "5f256a14b58311a5f58b1a6a70f99feea3ae655d8f9529c1015bd17b9e65adb5", "size": 201, "artifact_path": "wandb-client-artifact://xcz8e37cttsj7uo1dv7kv2kf3hhrnp1jvefxdzbzjdvq7m7wsca9ulk0u1brqzwonbhv262hinn6d20f9kq1e5mll9o339yexdgw7bbiq9g25355x2yrw6xu5qy2o84x:latest/results_summary.table.json", "_latest_artifact_path": "wandb-client-artifact://xcz8e37cttsj7uo1dv7kv2kf3hhrnp1jvefxdzbzjdvq7m7wsca9ulk0u1brqzwonbhv262hinn6d20f9kq1e5mll9o339yexdgw7bbiq9g25355x2yrw6xu5qy2o84x:latest/results_summary.table.json", "path": "media/table/results_summary_65_5f256a14b58311a5f58b.table.json", "ncols": 2, "nrows": 5}, "_wandb": {"runtime": 3064}}