{"batch_loss": 2.7563438415527344, "epoch": 7, "iteration": 623, "learning_rate": 0.0004707400747005, "_timestamp": 1753311555.3780775, "_runtime": 512.8467085361481, "_step": 31, "epoch_avg_loss": 2.717840216133032, "epoch_total_batches": 89, "test_samples": 2942, "test_loss_mean": 2.581895998349245, "test_loss_std": 0.5620450847552733, "test_loss_min": 2.0510942935943604, "test_loss_max": 6.132998466491699, "total_clips": 47, "clip_statistics_table": {"_type": "table-file", "sha256": "ca81ad342f7580970db6758a38827a9e7466ca81524b2a30001cdf3e067bb48a", "size": 3918, "artifact_path": "wandb-client-artifact://yh0geo3qg735sie9t9frbez2mjqjnonqpqgquy2szkve7qw7e0cbwv2xwmqmc47q9g6terzvjke0lz9uqrujufre7y779n843ziwd6nac9823c2zuasze82sq3nbfpnm:latest/clip_statistics_table.table.json", "_latest_artifact_path": "wandb-client-artifact://yh0geo3qg735sie9t9frbez2mjqjnonqpqgquy2szkve7qw7e0cbwv2xwmqmc47q9g6terzvjke0lz9uqrujufre7y779n843ziwd6nac9823c2zuasze82sq3nbfpnm:latest/clip_statistics_table.table.json", "path": "media/table/clip_statistics_table_18_ca81ad342f7580970db6.table.json", "ncols": 8, "nrows": 47}, "dataset_summary": {"total_clips": 47, "total_frames": 4846, "total_anomaly_frames": 3312.0, "overall_anomaly_ratio": 0.6834502682624846, "avg_frames_per_clip": 103.1063829787234, "avg_anomaly_frames_per_clip": 70.46808510638297}, "processed_clips": 47, "smoothing_sigma": 7, "num_clips_smoothed": 47, "smoothing_comparison": {"_type": "image-file", "sha256": "dcd6a0ff9bb1c7c39afea091378fd19f7e01613f2427d6de44ff15c70f85339f", "size": 50217, "path": "media/images/smoothing_comparison_21_dcd6a0ff9bb1c7c39afe.png", "format": "png", "width": 1200, "height": 400}, "roc_curve_table": {"_type": "table-file", "sha256": "3e44e73611f2da0db83d7c0cbb9d576181333db3b87769c128d0bed58a317efc", "size": 95925, "artifact_path": "wandb-client-artifact://85jrdmw036v7k12bpxypzxq2lw3yr1m3v3i4hsoo0qbaqu4swvddgv4ikcyweich0rdhjx6nffv8sn0v3wpb75fg5q1bvv9hgii0mpd3iy3xr1y46fsdwisr6l8d9adf:latest/roc_curve_table.table.json", "_latest_artifact_path": "wandb-client-artifact://85jrdmw036v7k12bpxypzxq2lw3yr1m3v3i4hsoo0qbaqu4swvddgv4ikcyweich0rdhjx6nffv8sn0v3wpb75fg5q1bvv9hgii0mpd3iy3xr1y46fsdwisr6l8d9adf:latest/roc_curve_table.table.json", "path": "media/table/roc_curve_table_22_3e44e73611f2da0db83d.table.json", "ncols": 3, "nrows": 1735}, "pr_curve_table": {"_type": "table-file", "sha256": "ed70909fc1d6fe332c329e743a6245020662c57f77ba2602a3784435f3207827", "size": 215002, "artifact_path": "wandb-client-artifact://0sw5hpa2l18rqwopuzjqjb69pdgm12f50nwb770bwydzr6smy5254mu9mc2l6hpxcmau8t9w4g3l4kvf2fix1gwnj53jjsk6tjspp8n6vxsa4jjb772cyxs7wy9lr25i:latest/pr_curve_table.table.json", "_latest_artifact_path": "wandb-client-artifact://0sw5hpa2l18rqwopuzjqjb69pdgm12f50nwb770bwydzr6smy5254mu9mc2l6hpxcmau8t9w4g3l4kvf2fix1gwnj53jjsk6tjspp8n6vxsa4jjb772cyxs7wy9lr25i:latest/pr_curve_table.table.json", "path": "media/table/pr_curve_table_23_ed70909fc1d6fe332c32.table.json", "ncols": 3, "nrows": 3999}, "threshold_analysis": {"eer_threshold": -2.2776555142166557, "eer_value": 0.41851368970013036, "optimal_f1_threshold": -2.9965347269059026, "num_thresholds_roc": 1735, "num_thresholds_pr": 3998}, "dataset_distribution": {"num_clips": 47, "total_frames": 4846, "normal_frames": 1534, "anomaly_frames": 3312, "overall_anomaly_ratio": 0.6834502682624846, "avg_clip_length": 103.1063829787234, "std_clip_length": 160.1413250907172, "min_clip_length": 16, "max_clip_length": 1045}, "score_distributions": {"normal_score_mean": -2.4588157279554954, "normal_score_std": 0.571614815555615, "anomaly_score_mean": -2.291005338130736, "anomaly_score_std": 0.370658556080548, "score_separation": 0.16781038982475938}, "detailed_analysis": {"_type": "image-file", "sha256": "d70b5cb23b0003d2a75d843692993e24038263331baf89fed2bb86e34d64b977", "size": 98628, "path": "media/images/detailed_analysis_26_d70b5cb23b0003d2a75d.png", "format": "png", "width": 1200, "height": 800}, "final_auc_roc": 0.6474152306180677, "final_auc_pr": 0.8297017888704825, "final_eer": 0.41851368970013036, "final_eer_threshold": -2.2776555142166557, "num_test_samples": 4846, "anomaly_scores_histogram": {"_type": "histogram", "values": [33, 5, 4, 3, 1, 2, 2, 2, 1, 2, 1, 2, 0, 2, 1, 1, 1, 1, 1, 1, 1, 0, 2, 0, 2, 0, 1, 1, 1, 1, 0, 1, 1, 1, 0, 2, 0, 1, 1, 1, 1, 0, 5, 13, 10, 8, 14, 49, 64, 46, 26, 63, 74, 112, 119, 152, 262, 364, 306, 489, 426, 344, 472, 1344], "bins": [-5.693181261714072, -5.636273652837201, -5.579366043960331, -5.52245843508346, -5.46555082620659, -5.408643217329719, -5.351735608452849, -5.294827999575978, -5.237920390699108, -5.181012781822238, -5.124105172945367, -5.067197564068497, -5.0102899551916265, -4.953382346314756, -4.896474737437885, -4.839567128561015, -4.782659519684144, -4.725751910807274, -4.668844301930403, -4.611936693053533, -4.555029084176662, -4.498121475299792, -4.441213866422921, -4.384306257546051, -4.32739864866918, -4.27049103979231, -4.21358343091544, -4.156675822038569, -4.099768213161699, -4.042860604284828, -3.985952995407958, -3.9290453865310875, -3.872137777654217, -3.8152301687773464, -3.758322559900476, -3.7014149510236054, -3.644507342146735, -3.5875997332698644, -3.530692124392994, -3.4737845155161233, -3.416876906639253, -3.3599692977623823, -3.303061688885512, -3.2461540800086417, -3.189246471131771, -3.1323388622549007, -3.07543125337803, -3.0185236445011596, -2.961616035624289, -2.9047084267474186, -2.847800817870548, -2.790893208993678, -2.7339856001168075, -2.677077991239937, -2.6201703823630664, -2.563262773486196, -2.5063551646093254, -2.449447555732455, -2.3925399468555844, -2.335632337978714, -2.2787247291018438, -2.2218171202249732, -2.1649095113481027, -2.108001902471232, -2.0510942935943617]}, "score_statistics": {"mean": -2.3441256720125323, "std": 0.4510217793862529, "min": -5.693181261714072, "max": -2.0510942935943617, "median": -2.264965788421283}, "results_summary": {"_type": "table-file", "sha256": "ab7ca73d3bd87a064def658089d8dc5e1f30ca57210809ba6bff03a8c150c13b", "size": 201, "artifact_path": "wandb-client-artifact://tpljc3aa01gw5z24vkxlf2wxutako5yl0pg5o0d1xas5l9z43g0pjx64y5psgbqbmndl2ktazceaod7q6czwltzraa1rul2kfa0ueu4he54zart49o6jyqaidylnb58t:latest/results_summary.table.json", "_latest_artifact_path": "wandb-client-artifact://tpljc3aa01gw5z24vkxlf2wxutako5yl0pg5o0d1xas5l9z43g0pjx64y5psgbqbmndl2ktazceaod7q6czwltzraa1rul2kfa0ueu4he54zart49o6jyqaidylnb58t:latest/results_summary.table.json", "path": "media/table/results_summary_31_ab7ca73d3bd87a064def.table.json", "ncols": 2, "nrows": 5}, "_wandb": {"runtime": 511}}