{"batch_loss": 3.117973566055298, "epoch": 7, "iteration": 623, "learning_rate": 0.0004707400747005, "_timestamp": 1753309344.939376, "_runtime": 529.0325632095337, "_step": 19, "epoch_avg_loss": 3.0435971544030007, "epoch_total_batches": 89, "test_samples": 2942, "test_loss_mean": 2.922797321503378, "test_loss_std": 0.679368211364289, "test_loss_min": 1.975592017173767, "test_loss_max": 6.503831386566162, "final_auc_roc": 0.6932251021924936, "final_auc_pr": 0.8479094226631567, "final_eer": 0.3774445893089961, "final_eer_threshold": -2.419580386110725, "num_test_samples": 4846, "anomaly_scores_histogram": {"_type": "histogram", "values": [35, 5, 3, 2, 2, 2, 2, 1, 2, 2, 1, 1, 1, 1, 1, 2, 0, 2, 0, 2, 0, 1, 1, 1, 1, 0, 1, 5, 4, 3, 3, 2, 3, 2, 2, 2, 7, 7, 23, 59, 55, 64, 78, 36, 35, 36, 48, 59, 132, 161, 87, 95, 179, 324, 241, 185, 185, 180, 207, 224, 335, 278, 156, 1272], "bins": [-6.085738400186843, -6.021517362952263, -5.957296325717684, -5.893075288483105, -5.828854251248526, -5.764633214013946, -5.700412176779367, -5.6361911395447875, -5.571970102310209, -5.507749065075629, -5.44352802784105, -5.37930699060647, -5.3150859533718915, -5.250864916137312, -5.186643878902732, -5.122422841668153, -5.058201804433574, -4.993980767198995, -4.929759729964415, -4.865538692729836, -4.801317655495257, -4.7370966182606775, -4.672875581026098, -4.608654543791519, -4.544433506556939, -4.48021246932236, -4.415991432087781, -4.351770394853202, -4.287549357618622, -4.223328320384043, -4.1591072831494635, -4.094886245914884, -4.030665208680305, -3.9664441714457257, -3.9022231342111464, -3.838002096976567, -3.773781059741988, -3.7095600225074086, -3.6453389852728293, -3.58111794803825, -3.5168969108036707, -3.452675873569091, -3.3884548363345117, -3.3242337990999324, -3.260012761865353, -3.195791724630774, -3.1315706873961946, -3.0673496501616153, -3.003128612927036, -2.9389075756924568, -2.8746865384578775, -2.810465501223298, -2.746244463988719, -2.6820234267541396, -2.6178023895195603, -2.553581352284981, -2.4893603150504013, -2.425139277815822, -2.3609182405812428, -2.2966972033466635, -2.232476166112084, -2.168255128877505, -2.1040340916429257, -2.039813054408347, -1.9755920171737675]}, "results_summary": {"_type": "table-file", "sha256": "b4fd28e16387c0e666bbd641c86d9d4230d81053d651ce4b90fa24faeae425c9", "size": 199, "artifact_path": "wandb-client-artifact://mljmkqjhzcfj0h8r7ljqmueofhetvrjyok5qotgdjnkbr1wteqb8wtlef2nmslqyx0ncp1hyy5t7vl5mf2yp82gpxsy1g8cvxnzln9f0luhv8z06tot2oa9n8uftzthn:latest/results_summary.table.json", "_latest_artifact_path": "wandb-client-artifact://mljmkqjhzcfj0h8r7ljqmueofhetvrjyok5qotgdjnkbr1wteqb8wtlef2nmslqyx0ncp1hyy5t7vl5mf2yp82gpxsy1g8cvxnzln9f0luhv8z06tot2oa9n8uftzthn:latest/results_summary.table.json", "path": "media/table/results_summary_19_b4fd28e16387c0e666bb.table.json", "ncols": 2, "nrows": 5}, "_wandb": {"runtime": 524}}